,chicks,crow,flight,noise
chicks,0.8714285714285714,0.05714285714285714,0.014285714285714285,0.05714285714285714
crow,0.004219409282700422,0.9535864978902954,0.0031645569620253164,0.039029535864978905
flight,0.0,0.0,1.0,0.0
noise,0.00395778364116095,0.0013192612137203166,0.002638522427440633,0.9920844327176781
